timestamp,episode,step,total_steps,action,action_name,reward,cumulative_reward,pid_targeted,process_name,threat_score,is_ransomware,ransomware_confidence,is_critical,process_killed,snapshot_taken,episode_total_kills,episode_total_snapshots,episode_critical_kills,episode_ransomware_detected,done
2025-11-17 14:23:44.628,1,1,1,2,Kill,-20.0,-20.0,2523,code-oss,0.6323,0,0.3,0,1,0,0,0,1,0,0
2025-11-17 14:23:45.474,1,2,2,2,Kill,-2.0,-22.0,5,kworker/R-rcu_g,0.0108,0,0.0,1,0,0,1,0,1,0,0
2025-11-17 14:23:46.421,1,3,3,1,Ignore,-0.05,-22.05,18,rcu_preempt,0.0108,0,0.0,0,0,0,1,0,1,0,0
2025-11-17 14:23:48.834,1,4,4,0,Monitor,0.1,-21.95,31,kworker/u4:2-ex,0.0108,0,0.0,1,0,0,1,0,1,0,0
2025-11-17 14:23:50.758,1,5,5,3,Snapshot,-1.0,-22.95,44,kswapd0,0.0292,0,0.0,0,0,1,1,0,1,0,0
2025-11-17 14:23:52.898,1,6,6,0,Monitor,0.1,-22.85,119,kworker/u4:4-ev,0.0104,0,0.0,1,0,0,1,0,1,0,0
2025-11-17 14:23:54.806,1,7,7,3,Snapshot,-1.0,-23.85,529,dbus-daemon,0.1635,0,0.0,1,0,1,1,0,1,0,0
2025-11-17 14:23:55.924,1,8,8,3,Snapshot,-1.0,-24.85,531,polkitd,0.1598,0,0.0,1,0,1,1,0,1,0,0
2025-11-17 14:23:56.807,1,9,9,3,Snapshot,-1.0,-25.85,1209,wpa_supplicant,0.1781,0,0.0,0,0,1,1,0,1,0,0
2025-11-17 14:23:57.650,1,10,10,2,Kill,-20.0,-45.85,1275,Xorg,0.2176,0,0.0,0,1,0,1,0,2,0,0
2025-11-17 14:23:58.682,1,11,11,2,Kill,-2.0,-47.85,1431,dbus-daemon,0.1777,0,0.0,1,0,0,2,0,2,0,0
2025-11-17 14:23:59.567,1,12,12,0,Monitor,0.1,-47.75,1517,gnome-shell,0.2415,0,0.1,0,0,0,2,0,2,0,0
2025-11-17 14:24:00.507,1,13,13,3,Snapshot,-1.0,-48.75,1596,fusermount3,0.177,0,0.0,0,0,1,2,0,2,0,0
2025-11-17 14:24:01.379,1,14,14,0,Monitor,0.1,-48.65,1653,evolution-alarm,0.159,0,0.0,0,0,0,2,0,2,0,0
2025-11-17 14:24:02.218,1,15,15,1,Ignore,-0.05,-48.7,1691,gsd-disk-utilit,0.161,0,0.0,0,0,0,2,0,2,0,0
2025-11-17 14:24:03.051,1,16,16,1,Ignore,-0.05,-48.75,1918,gvfs-udisks2-vo,0.1654,0,0.0,0,0,0,2,0,2,0,0
2025-11-17 14:24:04.565,1,17,17,1,Ignore,-0.05,-48.8,2112,gvfsd-recent,0.1765,0,0.0,0,0,0,2,0,2,0,0
2025-11-17 14:24:05.332,1,18,18,2,Kill,-2.0,-50.8,2492,code-oss,0.2605,0,0.1,0,1,0,3,0,2,0,0
2025-11-17 14:24:06.342,1,19,19,0,Monitor,0.1,-50.7,2585,code-oss,0.2686,0,0.1,0,0,0,3,0,2,0,0
2025-11-17 14:24:07.185,1,20,20,3,Snapshot,-1.0,-51.7,2523,code-oss,0.5999,0,0.3,0,0,1,3,0,2,0,0
2025-11-17 14:24:08.068,1,21,21,0,Monitor,0.1,-51.6,5,kworker/R-rcu_g,0.0112,0,0.0,1,0,0,3,0,2,0,0
2025-11-17 14:24:08.915,1,22,22,2,Kill,-20.0,-71.6,19,rcu_exp_par_gp_,0.0112,0,0.0,0,1,0,3,0,3,0,0
2025-11-17 14:24:09.746,1,23,23,2,Kill,-20.0,-91.6,31,kworker/u4:2-fl,0.0108,0,0.0,1,0,0,3,0,4,0,0
2025-11-17 14:24:10.588,1,24,24,1,Ignore,-0.05,-91.65,41,kworker/R-edac-,0.0108,0,0.0,1,0,0,3,0,4,0,0
2025-11-17 14:24:11.413,1,25,25,0,Monitor,0.1,-91.55,119,kworker/u4:4-wr,0.0108,0,0.0,1,0,0,3,0,4,0,0
2025-11-17 14:24:12.264,1,26,26,3,Snapshot,-1.0,-92.55,529,dbus-daemon,0.1651,0,0.0,1,0,1,3,0,4,0,0
2025-11-17 14:24:13.091,1,27,27,1,Ignore,-0.05,-92.6,531,polkitd,0.1598,0,0.0,1,0,0,3,0,4,0,0
2025-11-17 14:24:13.929,1,28,28,0,Monitor,0.1,-92.5,1209,wpa_supplicant,0.1785,0,0.0,0,0,0,3,0,4,0,0
2025-11-17 14:24:14.752,1,29,29,0,Monitor,0.1,-92.4,1275,Xorg,0.224,0,0.0,0,0,0,3,0,4,0,0
2025-11-17 14:24:15.643,1,30,30,3,Snapshot,-1.0,-93.4,1431,dbus-daemon,0.1777,0,0.0,1,0,1,3,0,4,0,0
2025-11-17 14:24:16.508,1,31,31,2,Kill,-2.0,-95.4,1568,at-spi2-registr,0.1597,0,0.0,0,1,0,4,0,4,0,0
2025-11-17 14:24:17.301,1,32,32,2,Kill,-2.0,-97.4,1596,fusermount3,0.177,0,0.0,0,1,0,5,0,4,0,0
2025-11-17 14:24:18.240,1,33,33,3,Snapshot,-1.0,-98.4,1653,evolution-alarm,0.159,0,0.0,0,0,1,5,0,4,0,0
2025-11-17 14:24:19.040,1,34,34,0,Monitor,0.1,-98.3,1712,gsd-usb-protect,0.1584,0,0.0,0,0,0,5,0,4,0,0
2025-11-17 14:24:19.877,1,35,35,2,Kill,-2.0,-100.3,1918,gvfs-udisks2-vo,0.1654,0,0.0,0,1,0,6,0,4,0,0
2025-11-17 14:24:20.691,1,36,36,3,Snapshot,-1.0,-101.3,2115,gjs,0.2066,0,0.0,0,0,1,6,0,4,0,0
2025-11-17 14:24:21.525,1,37,37,3,Snapshot,-1.0,-102.3,2492,code-oss,0.2609,0,0.1,0,0,1,6,0,4,0,0
2025-11-17 14:24:22.331,1,38,38,1,Ignore,-0.05,-102.35,2652,code-oss,0.2396,0,0.0,0,0,0,6,0,4,0,0
2025-11-17 14:24:23.138,1,39,39,1,Ignore,-0.05,-102.4,2523,code-oss,0.6003,0,0.3,0,0,0,6,0,4,0,0
2025-11-17 14:24:24.012,1,40,40,0,Monitor,0.1,-102.3,5,kworker/R-rcu_g,0.0112,0,0.0,1,0,0,6,0,4,0,0
2025-11-17 14:24:24.858,1,41,41,1,Ignore,-0.05,-102.35,19,rcu_exp_par_gp_,0.0112,0,0.0,0,0,0,6,0,4,0,0
2025-11-17 14:24:25.745,1,42,42,0,Monitor,0.1,-102.25,31,kworker/u4:2-fl,0.0108,0,0.0,1,0,0,6,0,4,0,0
2025-11-17 14:24:26.587,1,43,43,0,Monitor,0.1,-102.15,41,kworker/R-edac-,0.0108,0,0.0,1,0,0,6,0,4,0,0
2025-11-17 14:24:27.357,1,44,44,0,Monitor,0.1,-102.05,119,kworker/u4:4-kv,0.0108,0,0.0,1,0,0,6,0,4,0,0
2025-11-17 14:24:28.168,1,45,45,2,Kill,-20.0,-122.05,529,dbus-daemon,0.1635,0,0.0,1,0,0,6,0,5,0,0
2025-11-17 14:24:29.067,1,46,46,1,Ignore,-0.05,-122.1,531,polkitd,0.1598,0,0.0,1,0,0,6,0,5,0,0
2025-11-17 14:24:29.919,1,47,47,2,Kill,-2.0,-124.1,1209,wpa_supplicant,0.1785,0,0.0,0,1,0,7,0,5,0,0
2025-11-17 14:24:30.723,1,48,48,1,Ignore,-0.05,-124.15,1275,Xorg,0.2236,0,0.0,0,0,0,7,0,5,0,0
2025-11-17 14:24:31.542,1,49,49,1,Ignore,-0.05,-124.2,1431,dbus-daemon,0.1777,0,0.0,1,0,0,7,0,5,0,0
2025-11-17 14:24:32.297,1,50,50,2,Kill,-2.0,-126.2,1568,at-spi2-registr,0.1597,0,0.0,0,1,0,8,0,5,0,0
2025-11-17 14:24:33.271,1,51,51,0,Monitor,0.1,-126.1,1629,gjs,0.1653,0,0.0,0,0,0,8,0,5,0,0
2025-11-17 14:24:34.160,1,52,52,2,Kill,-20.0,-146.1,1691,gsd-disk-utilit,0.161,0,0.0,0,1,0,8,0,6,0,0
2025-11-17 14:24:34.967,1,53,53,2,Kill,-2.0,-148.1,1803,ibus-x11,0.1584,0,0.0,1,0,0,9,0,6,0,0
2025-11-17 14:24:35.816,1,54,54,0,Monitor,0.1,-148.0,1945,gvfs-gphoto2-vo,0.1672,0,0.0,0,0,0,9,0,6,0,0
2025-11-17 14:24:36.627,1,55,55,1,Ignore,-0.05,-148.05,2119,gvfsd-trash,0.1772,0,0.0,0,0,0,9,0,6,0,0
2025-11-17 14:24:37.376,1,56,56,0,Monitor,0.1,-147.95,2492,code-oss,0.2593,0,0.1,0,0,0,9,0,6,0,0
2025-11-17 14:24:38.185,1,57,57,2,Kill,3.0,-144.95,14755,localsearch-ext,0.1658,0,0.0,0,1,0,10,0,6,0,0
2025-11-17 14:24:39.028,1,58,58,2,Kill,-20.0,-164.95,2523,code-oss,0.6015,0,0.3,0,1,0,10,0,7,0,0
2025-11-17 14:24:39.984,1,59,59,3,Snapshot,-1.0,-165.95,6,kworker/R-sync_,0.0112,0,0.0,1,0,1,10,0,7,0,0
2025-11-17 14:24:40.847,1,60,60,0,Monitor,0.1,-165.85,20,rcu_exp_gp_kthr,0.0112,0,0.0,0,0,0,10,0,7,0,0
2025-11-17 14:24:41.648,1,61,61,2,Kill,-20.0,-185.85,39,irq/9-acpi,0.0108,0,0.0,0,1,0,10,0,8,0,0
2025-11-17 14:24:42.440,1,62,62,1,Ignore,-0.05,-185.9,42,kworker/R-devfr,0.0108,0,0.0,1,0,0,10,0,8,0,0
2025-11-17 14:24:43.189,1,63,63,0,Monitor,0.1,-185.8,181,kworker/R-crypt,0.0108,0,0.0,1,0,0,10,0,8,0,0
2025-11-17 14:24:43.991,1,64,64,3,Snapshot,-1.0,-186.8,529,dbus-daemon,0.1635,0,0.0,1,0,1,10,0,8,0,0
2025-11-17 14:24:44.813,1,65,65,0,Monitor,0.1,-186.7,604,NetworkManager,0.1575,0,0.0,1,0,0,10,0,8,0,0
2025-11-17 14:24:45.671,1,66,66,1,Ignore,-0.05,-186.75,1209,wpa_supplicant,0.1785,0,0.0,0,0,0,10,0,8,0,0
2025-11-17 14:24:46.453,1,67,67,0,Monitor,0.1,-186.65,1367,VBoxClient,0.1699,0,0.0,0,0,0,10,0,8,0,0
2025-11-17 14:24:47.263,1,68,68,0,Monitor,0.1,-186.55,1431,dbus-daemon,0.1777,0,0.0,1,0,0,10,0,8,0,0
2025-11-17 14:24:48.110,1,69,69,1,Ignore,-0.05,-186.6,1568,at-spi2-registr,0.1597,0,0.0,0,0,0,10,0,8,0,0
2025-11-17 14:24:48.907,1,70,70,3,Snapshot,-1.0,-187.6,1590,xdg-document-po,0.1643,0,0.0,0,0,1,10,0,8,0,0
2025-11-17 14:24:49.705,1,71,71,3,Snapshot,-1.0,-188.6,1691,gsd-disk-utilit,0.161,0,0.0,0,0,1,10,0,8,0,0
2025-11-17 14:24:50.507,1,72,72,0,Monitor,0.1,-188.5,1803,ibus-x11,0.1584,0,0.0,1,0,0,10,0,8,0,0
2025-11-17 14:24:51.337,1,73,73,1,Ignore,-0.05,-188.55,1918,gvfs-udisks2-vo,0.1658,0,0.0,0,0,0,10,0,8,0,0
2025-11-17 14:24:52.170,1,74,74,0,Monitor,0.1,-188.45,2119,gvfsd-trash,0.1772,0,0.0,0,0,0,10,0,8,0,0
2025-11-17 14:24:52.992,1,75,75,1,Ignore,-0.05,-188.5,2492,code-oss,0.2597,0,0.1,0,0,0,10,0,8,0,0
2025-11-17 14:24:53.791,1,76,76,0,Monitor,0.1,-188.4,14927,localsearch-ext,0.1658,0,0.0,0,0,0,10,0,8,0,0
2025-11-17 14:24:54.596,1,77,77,0,Monitor,0.1,-188.3,14277,python,0.595,0,0.2,0,0,0,10,0,8,0,0
2025-11-17 14:24:55.389,1,78,78,1,Ignore,-0.05,-188.35,6,kworker/R-sync_,0.0112,0,0.0,1,0,0,10,0,8,0,0
2025-11-17 14:24:56.217,1,79,79,0,Monitor,0.1,-188.25,20,rcu_exp_gp_kthr,0.0112,0,0.0,0,0,0,10,0,8,0,0
2025-11-17 14:24:57.016,1,80,80,0,Monitor,0.1,-188.15,39,irq/9-acpi,0.0108,0,0.0,0,0,0,10,0,8,0,0
2025-11-17 14:24:57.835,1,81,81,1,Ignore,-0.05,-188.2,42,kworker/R-devfr,0.0108,0,0.0,1,0,0,10,0,8,0,0
2025-11-17 14:24:58.650,1,82,82,3,Snapshot,-1.0,-189.2,181,kworker/R-crypt,0.0108,0,0.0,1,0,1,10,0,8,0,0
2025-11-17 14:24:59.429,1,83,83,0,Monitor,0.1,-189.1,529,dbus-daemon,0.1635,0,0.0,1,0,0,10,0,8,0,0
2025-11-17 14:25:00.191,1,84,84,3,Snapshot,-1.0,-190.1,604,NetworkManager,0.1579,0,0.0,1,0,1,10,0,8,0,0
2025-11-17 14:25:00.991,1,85,85,3,Snapshot,-1.0,-191.1,1209,wpa_supplicant,0.1785,0,0.0,0,0,1,10,0,8,0,0
2025-11-17 14:25:02.076,1,86,86,1,Ignore,-0.05,-191.15,1367,VBoxClient,0.1699,0,0.0,0,0,0,10,0,8,0,0
2025-11-17 14:25:02.931,1,87,87,2,Kill,-2.0,-193.15,1431,dbus-daemon,0.1777,0,0.0,1,0,0,11,0,8,0,0
2025-11-17 14:25:03.761,1,88,88,0,Monitor,0.1,-193.05,1568,at-spi2-registr,0.1597,0,0.0,0,0,0,11,0,8,0,0
2025-11-17 14:25:04.575,1,89,89,3,Snapshot,-1.0,-194.05,1634,gsd-a11y-settin,0.1589,0,0.0,0,0,1,11,0,8,0,0
2025-11-17 14:25:05.342,1,90,90,3,Snapshot,-1.0,-195.05,1691,gsd-disk-utilit,0.161,0,0.0,0,0,1,11,0,8,0,0
2025-11-17 14:25:06.207,1,91,91,0,Monitor,0.1,-194.95,1803,ibus-x11,0.1584,0,0.0,1,0,0,11,0,8,0,0
2025-11-17 14:25:07.049,1,92,92,0,Monitor,0.1,-194.85,1918,gvfs-udisks2-vo,0.1654,0,0.0,0,0,0,11,0,8,0,0
2025-11-17 14:25:07.859,1,93,93,2,Kill,-2.0,-196.85,2119,gvfsd-trash,0.1772,0,0.0,0,1,0,12,0,8,0,0
2025-11-17 14:25:08.668,1,94,94,3,Snapshot,-1.0,-197.85,2492,code-oss,0.2581,0,0.1,0,0,1,12,0,8,0,0
2025-11-17 14:25:09.468,1,95,95,0,Monitor,0.1,-197.75,14999,localsearch-ext,0.1658,0,0.0,0,0,0,12,0,8,0,0
2025-11-17 14:25:10.225,1,96,96,0,Monitor,0.1,-197.65,14277,python,0.595,0,0.2,0,0,0,12,0,8,0,0
2025-11-17 14:25:11.020,1,97,97,0,Monitor,0.1,-197.55,6,kworker/R-sync_,0.0112,0,0.0,1,0,0,12,0,8,0,0
2025-11-17 14:25:12.000,1,98,98,0,Monitor,0.1,-197.45,20,rcu_exp_gp_kthr,0.0112,0,0.0,0,0,0,12,0,8,0,0
2025-11-17 14:25:12.876,1,99,99,2,Kill,-20.0,-217.45,38,kworker/R-blkcg,0.0108,0,0.0,1,0,0,12,0,9,0,0
2025-11-17 14:25:13.731,1,100,100,2,Kill,-20.0,-237.45,42,kworker/R-devfr,0.0108,0,0.0,1,0,0,12,0,10,0,0
2025-11-17 14:25:14.690,1,101,101,3,Snapshot,-1.0,-238.45,181,kworker/R-crypt,0.0108,0,0.0,1,0,1,12,0,10,0,0
2025-11-17 14:25:15.583,1,102,102,1,Ignore,-0.05,-238.5,529,dbus-daemon,0.1635,0,0.0,1,0,0,12,0,10,0,0
2025-11-17 14:25:16.392,1,103,103,0,Monitor,0.1,-238.4,604,NetworkManager,0.1579,0,0.0,1,0,0,12,0,10,0,0
2025-11-17 14:25:17.204,1,104,104,2,Kill,-2.0,-240.4,1209,wpa_supplicant,0.1785,0,0.0,0,1,0,13,0,10,0,0
2025-11-17 14:25:18.017,1,105,105,1,Ignore,-0.05,-240.45,1253,gnome-keyring-d,0.1698,0,0.0,0,0,0,13,0,10,0,0
2025-11-17 14:25:18.833,1,106,106,3,Snapshot,-1.0,-241.45,1431,dbus-daemon,0.1777,0,0.0,1,0,1,13,0,10,0,0
2025-11-17 14:25:19.649,1,107,107,0,Monitor,0.1,-241.35,1590,xdg-document-po,0.1643,0,0.0,0,0,0,13,0,10,0,0
2025-11-17 14:25:20.483,1,108,108,1,Ignore,-0.05,-241.4,1654,gsd-print-notif,0.159,0,0.0,0,0,0,13,0,10,0,0
2025-11-17 14:25:21.251,1,109,109,2,Kill,-2.0,-243.4,1691,gsd-disk-utilit,0.161,0,0.0,0,1,0,14,0,10,0,0
2025-11-17 14:25:22.052,1,110,110,1,Ignore,-0.05,-243.45,1894,xdg-desktop-por,0.1626,0,0.0,0,0,0,14,0,10,0,0
2025-11-17 14:25:22.853,1,111,111,0,Monitor,0.1,-243.35,1918,gvfs-udisks2-vo,0.1654,0,0.0,0,0,0,14,0,10,0,0
2025-11-17 14:25:23.699,1,112,112,1,Ignore,-0.05,-243.4,2496,code-oss,0.2116,0,0.0,0,0,0,14,0,10,0,0
2025-11-17 14:25:24.592,1,113,113,0,Monitor,0.1,-243.3,2593,code-oss,0.246,0,0.0,0,0,0,14,0,10,0,0
2025-11-17 14:25:25.364,1,114,114,1,Ignore,-0.05,-243.35,14277,python,0.595,0,0.2,0,0,0,14,0,10,0,0
2025-11-17 14:25:26.204,1,115,115,1,Ignore,-0.05,-243.4,6,kworker/R-sync_,0.0112,0,0.0,1,0,0,14,0,10,0,0
2025-11-17 14:25:27.014,1,116,116,1,Ignore,-0.05,-243.45,20,rcu_exp_gp_kthr,0.0112,0,0.0,0,0,0,14,0,10,0,0
2025-11-17 14:25:27.834,1,117,117,1,Ignore,-0.05,-243.5,32,kworker/R-write,0.0108,0,0.0,1,0,0,14,0,10,0,0
2025-11-17 14:25:28.656,1,118,118,2,Kill,-20.0,-263.5,42,kworker/R-devfr,0.0108,0,0.0,1,0,0,14,0,11,0,0
2025-11-17 14:25:29.424,1,119,119,2,Kill,-20.0,-283.5,181,kworker/R-crypt,0.0108,0,0.0,1,0,0,14,0,12,0,0
2025-11-17 14:25:30.195,1,120,120,1,Ignore,-0.05,-283.55,529,dbus-daemon,0.1635,0,0.0,1,0,0,14,0,12,0,0
2025-11-17 14:25:30.993,1,121,121,2,Kill,-2.0,-285.55,604,NetworkManager,0.1579,0,0.0,1,0,0,15,0,12,0,0
2025-11-17 14:25:31.782,1,122,122,1,Ignore,-0.05,-285.6,1209,wpa_supplicant,0.1785,0,0.0,0,0,0,15,0,12,0,0
2025-11-17 14:25:32.551,1,123,123,3,Snapshot,-1.0,-286.6,1367,VBoxClient,0.1699,0,0.0,0,0,1,15,0,12,0,0
2025-11-17 14:25:33.291,1,124,124,3,Snapshot,-1.0,-287.6,1431,dbus-daemon,0.1777,0,0.0,1,0,1,15,0,12,0,0
2025-11-17 14:25:34.098,1,125,125,3,Snapshot,-1.0,-288.6,1590,xdg-document-po,0.1643,0,0.0,0,0,1,15,0,12,0,0
2025-11-17 14:25:34.902,1,126,126,2,Kill,-2.0,-290.6,1654,gsd-print-notif,0.159,0,0.0,0,1,0,16,0,12,0,0
2025-11-17 14:25:35.880,1,127,127,2,Kill,-2.0,-292.6,1691,gsd-disk-utilit,0.161,0,0.0,0,1,0,17,0,12,0,0
2025-11-17 14:25:36.682,1,128,128,3,Snapshot,-1.0,-293.6,1918,gvfs-udisks2-vo,0.1654,0,0.0,0,0,1,17,0,12,0,0
2025-11-17 14:25:37.464,1,129,129,1,Ignore,-0.05,-293.65,2119,gvfsd-trash,0.1772,0,0.0,0,0,0,17,0,12,0,0
2025-11-17 14:25:38.232,1,130,130,3,Snapshot,-1.0,-294.65,2593,code-oss,0.2456,0,0.0,0,0,1,17,0,12,0,0
2025-11-17 14:25:39.025,1,131,131,1,Ignore,-0.05,-294.7,5353,code-oss,0.1963,0,0.0,0,0,0,17,0,12,0,0
2025-11-17 14:25:39.831,1,132,132,0,Monitor,0.1,-294.6,14277,python,0.595,0,0.2,0,0,0,17,0,12,0,0
2025-11-17 14:25:40.638,1,133,133,2,Kill,-2.0,-296.6,6,kworker/R-sync_,0.0112,0,0.0,1,0,0,18,0,12,0,0
2025-11-17 14:25:41.453,1,134,134,2,Kill,-20.0,-316.6,20,rcu_exp_gp_kthr,0.0112,0,0.0,0,1,0,18,0,13,0,0
2025-11-17 14:25:42.216,1,135,135,2,Kill,-2.0,-318.6,38,kworker/R-blkcg,0.0108,0,0.0,1,0,0,19,0,13,0,0
2025-11-17 14:25:43.027,1,136,136,2,Kill,-20.0,-338.6,44,kswapd0,0.0108,0,0.0,0,1,0,19,0,14,0,0
2025-11-17 14:25:43.829,1,137,137,0,Monitor,0.1,-338.5,254,kworker/R-ata_s,0.0108,0,0.0,1,0,0,19,0,14,0,0
2025-11-17 14:25:44.594,1,138,138,0,Monitor,0.1,-338.4,529,dbus-daemon,0.1635,0,0.0,1,0,0,19,0,14,0,0
2025-11-17 14:25:45.344,1,139,139,3,Snapshot,-1.0,-339.4,734,rtkit-daemon,0.1627,0,0.0,0,0,1,19,0,14,0,0
2025-11-17 14:25:46.151,1,140,140,2,Kill,-2.0,-341.4,1249,dbus-daemon,0.1641,0,0.0,1,0,0,20,0,14,0,0
2025-11-17 14:25:47.104,1,141,141,3,Snapshot,-1.0,-342.4,1367,VBoxClient,0.1699,0,0.0,0,0,1,20,0,14,0,0
2025-11-17 14:25:47.947,1,142,142,1,Ignore,-0.05,-342.45,1431,dbus-daemon,0.1777,0,0.0,1,0,0,20,0,14,0,0
2025-11-17 14:25:48.709,1,143,143,3,Snapshot,-1.0,-343.45,1590,xdg-document-po,0.1643,0,0.0,0,0,1,20,0,14,0,0
2025-11-17 14:25:49.551,1,144,144,2,Kill,-2.0,-345.45,1654,gsd-print-notif,0.159,0,0.0,0,1,0,21,0,14,0,0
2025-11-17 14:25:50.308,1,145,145,1,Ignore,-0.05,-345.5,1712,gsd-usb-protect,0.1584,0,0.0,0,0,0,21,0,14,0,0
2025-11-17 14:25:51.078,1,146,146,1,Ignore,-0.05,-345.55,1932,gvfs-mtp-volume,0.1635,0,0.0,0,0,0,21,0,14,0,0
2025-11-17 14:25:51.841,1,147,147,0,Monitor,0.1,-345.45,2119,gvfsd-trash,0.1772,0,0.0,0,0,0,21,0,14,0,0
2025-11-17 14:25:52.593,1,148,148,3,Snapshot,-1.0,-346.45,2593,code-oss,0.2456,0,0.0,0,0,1,21,0,14,0,0
2025-11-17 14:25:53.286,1,149,149,3,Snapshot,1.0,-345.45,15323,localsearch-ext,0.1658,0,0.0,0,0,1,21,0,14,0,0
2025-11-17 14:25:54.056,1,150,150,1,Ignore,-0.05,-345.5,14277,python,0.595,0,0.2,0,0,0,21,0,14,0,0
2025-11-17 14:25:54.983,1,151,151,1,Ignore,-0.05,-345.55,6,kworker/R-sync_,0.0112,0,0.0,1,0,0,21,0,14,0,0
2025-11-17 14:25:55.788,1,152,152,2,Kill,-20.0,-365.55,21,migration/0,0.0112,0,0.0,1,0,0,21,0,15,0,0
2025-11-17 14:25:56.550,1,153,153,1,Ignore,-0.05,-365.6,38,kworker/R-blkcg,0.0108,0,0.0,1,0,0,21,0,15,0,0
2025-11-17 14:25:57.247,1,154,154,0,Monitor,0.1,-365.5,47,kworker/u4:3-ex,0.0108,0,0.0,1,0,0,21,0,15,0,0
2025-11-17 14:25:58.077,1,155,155,1,Ignore,-0.05,-365.55,254,kworker/R-ata_s,0.0108,0,0.0,1,0,0,21,0,15,0,0
2025-11-17 14:25:58.887,1,156,156,1,Ignore,-0.05,-365.6,529,dbus-daemon,0.1635,0,0.0,1,0,0,21,0,15,0,0
2025-11-17 14:25:59.640,1,157,157,2,Kill,-20.0,-385.6,734,rtkit-daemon,0.1627,0,0.0,0,1,0,21,0,16,0,0
2025-11-17 14:26:00.447,1,158,158,0,Monitor,0.1,-385.5,1249,dbus-daemon,0.1641,0,0.0,1,0,0,21,0,16,0,0
2025-11-17 14:26:01.159,1,159,159,3,Snapshot,-1.0,-386.5,1384,VBoxClient,0.1688,0,0.0,0,0,1,21,0,16,0,0
2025-11-17 14:26:01.931,1,160,160,3,Snapshot,-1.0,-387.5,1431,dbus-daemon,0.1777,0,0.0,1,0,1,21,0,16,0,0
2025-11-17 14:26:02.711,1,161,161,0,Monitor,0.1,-387.4,1590,xdg-document-po,0.1643,0,0.0,0,0,0,21,0,16,0,0
2025-11-17 14:26:03.472,1,162,162,2,Kill,-20.0,-407.4,1654,gsd-print-notif,0.159,0,0.0,0,1,0,21,0,17,0,0
2025-11-17 14:26:04.257,1,163,163,1,Ignore,-0.05,-407.45,1803,ibus-x11,0.1584,0,0.0,1,0,0,21,0,17,0,0
2025-11-17 14:26:05.055,1,164,164,2,Kill,-2.0,-409.45,1932,gvfs-mtp-volume,0.1635,0,0.0,0,1,0,22,0,17,0,0
2025-11-17 14:26:05.864,1,165,165,3,Snapshot,-1.0,-410.45,2119,gvfsd-trash,0.1772,0,0.0,0,0,1,22,0,17,0,0
2025-11-17 14:26:06.679,1,166,166,1,Ignore,-0.05,-410.5,2593,code-oss,0.2456,0,0.0,0,0,0,22,0,17,0,0
2025-11-17 14:26:07.459,1,167,167,2,Kill,3.0,-407.5,15409,localsearch-ext,0.1658,0,0.0,0,1,0,23,0,17,0,0
2025-11-17 14:26:08.219,1,168,168,0,Monitor,0.1,-407.4,14277,python,0.595,0,0.2,0,0,0,23,0,17,0,0
2025-11-17 14:26:09.196,1,169,169,0,Monitor,0.1,-407.3,7,kworker/R-slub_,0.0112,0,0.0,1,0,0,23,0,17,0,0
2025-11-17 14:26:10.001,1,170,170,2,Kill,-2.0,-409.3,22,idle_inject/0,0.0112,0,0.0,0,1,0,24,0,17,0,0
2025-11-17 14:26:10.791,1,171,171,2,Kill,-20.0,-429.3,39,irq/9-acpi,0.0108,0,0.0,0,1,0,24,0,18,0,0
2025-11-17 14:26:11.585,1,172,172,1,Ignore,-0.05,-429.35,56,kworker/R-acpi_,0.0108,0,0.0,1,0,0,24,0,18,0,0
2025-11-17 14:26:12.340,1,173,173,2,Kill,-20.0,-449.35,371,systemd-journal,0.1521,0,0.0,1,0,0,24,0,19,0,0
2025-11-17 14:26:13.135,1,174,174,3,Snapshot,-1.0,-450.35,529,dbus-daemon,0.1635,0,0.0,1,0,1,24,0,19,0,0
2025-11-17 14:26:13.959,1,175,175,1,Ignore,-0.05,-450.4,734,rtkit-daemon,0.1623,0,0.0,0,0,0,24,0,19,0,0
2025-11-17 14:26:14.742,1,176,176,0,Monitor,0.1,-450.3,1249,dbus-daemon,0.1641,0,0.0,1,0,0,24,0,19,0,0
2025-11-17 14:26:15.547,1,177,177,0,Monitor,0.1,-450.2,1431,dbus-daemon,0.1777,0,0.0,1,0,0,24,0,19,0,0
2025-11-17 14:26:16.308,1,178,178,0,Monitor,0.1,-450.1,1442,VBoxClient,0.1693,0,0.0,0,0,0,24,0,19,0,0
2025-11-17 14:26:17.360,1,179,179,3,Snapshot,-1.0,-451.1,1590,xdg-document-po,0.1643,0,0.0,0,0,1,24,0,19,0,0
2025-11-17 14:26:18.184,1,180,180,0,Monitor,0.1,-451.0,1654,gsd-print-notif,0.159,0,0.0,0,0,0,24,0,19,0,0
2025-11-17 14:26:18.980,1,181,181,1,Ignore,-0.05,-451.05,1803,ibus-x11,0.1584,0,0.0,1,0,0,24,0,19,0,0
2025-11-17 14:26:19.911,1,182,182,0,Monitor,0.1,-450.95,1932,gvfs-mtp-volume,0.1635,0,0.0,0,0,0,24,0,19,0,0
2025-11-17 14:26:20.770,1,183,183,2,Kill,-2.0,-452.95,2496,code-oss,0.2116,0,0.0,0,1,0,25,0,19,0,0
2025-11-17 14:26:21.564,1,184,184,1,Ignore,-0.05,-453.0,2593,code-oss,0.2456,0,0.0,0,0,0,25,0,19,0,0
2025-11-17 14:26:22.317,1,185,185,2,Kill,-20.0,-473.0,1893,localsearch-3,0.5936,0,0.2,0,1,0,25,0,20,0,0
2025-11-17 14:26:23.096,1,186,186,0,Monitor,0.1,-472.9,7,kworker/R-slub_,0.0112,0,0.0,1,0,0,25,0,20,0,0
2025-11-17 14:26:23.903,1,187,187,3,Snapshot,-1.0,-473.9,22,idle_inject/0,0.0108,0,0.0,0,0,1,25,0,20,0,0
2025-11-17 14:26:24.766,1,188,188,2,Kill,-20.0,-493.9,40,kworker/R-tpm_d,0.0108,0,0.0,1,0,0,25,0,21,0,0
2025-11-17 14:26:25.582,1,189,189,1,Ignore,-0.05,-493.95,56,kworker/R-acpi_,0.0108,0,0.0,1,0,0,25,0,21,0,0
2025-11-17 14:26:26.334,1,190,190,0,Monitor,0.1,-493.85,371,systemd-journal,0.1521,0,0.0,1,0,0,25,0,21,0,0
2025-11-17 14:26:27.122,1,191,191,2,Kill,-2.0,-495.85,529,dbus-daemon,0.1635,0,0.0,1,0,0,26,0,21,0,0
2025-11-17 14:26:27.927,1,192,192,0,Monitor,0.1,-495.75,734,rtkit-daemon,0.1627,0,0.0,0,0,0,26,0,21,0,0
2025-11-17 14:26:28.736,1,193,193,2,Kill,-20.0,-515.75,1249,dbus-daemon,0.1641,0,0.0,1,0,0,26,0,22,0,0
2025-11-17 14:26:29.536,1,194,194,2,Kill,-2.0,-517.75,1431,dbus-daemon,0.1777,0,0.0,1,0,0,27,0,22,0,0
2025-11-17 14:26:30.281,1,195,195,0,Monitor,0.1,-517.65,1579,xdg-desktop-por,0.1588,0,0.0,0,0,0,27,0,22,0,0
2025-11-17 14:26:31.195,1,196,196,0,Monitor,0.1,-517.55,1590,xdg-document-po,0.1643,0,0.0,0,0,0,27,0,22,0,0
2025-11-17 14:26:32.044,1,197,197,0,Monitor,0.1,-517.45,1654,gsd-print-notif,0.159,0,0.0,0,0,0,27,0,22,0,0
2025-11-17 14:26:32.829,1,198,198,3,Snapshot,-1.0,-518.45,1899,evolution-calen,0.1604,0,0.0,0,0,1,27,0,22,0,0
2025-11-17 14:26:33.632,1,199,199,3,Snapshot,-1.0,-519.45,2112,gvfsd-recent,0.1765,0,0.0,0,0,1,27,0,22,0,0
2025-11-17 14:26:34.444,1,200,200,2,Kill,-2.0,-521.45,2652,code-oss,0.2388,0,0.0,0,1,0,28,0,22,0,1
2025-11-17 14:26:38.901,2,1,201,1,Ignore,-0.05,-0.05,2523,code-oss,0.6095,0,0.3,0,0,0,0,0,0,0,0
2025-11-17 14:26:39.706,2,2,202,0,Monitor,0.1,0.05,5,kworker/R-rcu_g,0.0112,0,0.0,1,0,0,0,0,0,0,0
2025-11-17 14:26:40.549,2,3,203,3,Snapshot,-1.0,-0.95,18,rcu_preempt,0.0112,0,0.0,0,0,1,0,0,0,0,0
2025-11-17 14:26:41.374,2,4,204,2,Kill,-20.0,-20.95,38,kworker/R-blkcg,0.0112,0,0.0,1,0,0,0,0,1,0,0
2025-11-17 14:26:42.256,2,5,205,1,Ignore,-0.05,-21.0,40,kworker/R-tpm_d,0.0112,0,0.0,1,0,0,0,0,1,0,0
2025-11-17 14:26:43.115,2,6,206,2,Kill,-2.0,-23.0,67,kworker/u5:0-tt,0.0112,0,0.0,1,0,0,1,0,1,0,0
2025-11-17 14:26:43.940,2,7,207,3,Snapshot,-1.0,-24.0,521,haveged,0.162,0,0.0,0,0,1,1,0,1,0,0
2025-11-17 14:26:44.724,2,8,208,1,Ignore,-0.05,-24.05,531,polkitd,0.1598,0,0.0,1,0,0,1,0,1,0,0
2025-11-17 14:26:45.533,2,9,209,2,Kill,-2.0,-26.05,1209,wpa_supplicant,0.1785,0,0.0,0,1,0,2,0,1,0,0
2025-11-17 14:26:46.275,2,10,210,2,Kill,-20.0,-46.05,1275,Xorg,0.2256,0,0.0,0,1,0,2,0,2,0,0
2025-11-17 14:26:47.075,2,11,211,1,Ignore,-0.05,-46.1,1431,dbus-daemon,0.178,0,0.0,1,0,0,2,0,2,0,0
2025-11-17 14:26:47.858,2,12,212,3,Snapshot,-1.0,-47.1,1517,gnome-shell,0.2511,0,0.1,0,0,1,2,0,2,0,0
2025-11-17 14:26:48.703,2,13,213,1,Ignore,-0.05,-47.15,1596,fusermount3,0.1774,0,0.0,0,0,0,2,0,2,0,0
2025-11-17 14:26:49.500,2,14,214,3,Snapshot,-1.0,-48.15,1654,gsd-print-notif,0.1594,0,0.0,0,0,1,2,0,2,0,0
2025-11-17 14:26:50.288,2,15,215,2,Kill,-2.0,-50.15,1691,gsd-disk-utilit,0.161,0,0.0,0,1,0,3,0,2,0,0
2025-11-17 14:26:51.175,2,16,216,0,Monitor,0.1,-50.05,1918,gvfs-udisks2-vo,0.1658,0,0.0,0,0,0,3,0,2,0,0
2025-11-17 14:26:52.077,2,17,217,1,Ignore,-0.05,-50.1,2115,gjs,0.2198,0,0.0,0,0,0,3,0,2,0,0
2025-11-17 14:26:52.965,2,18,218,1,Ignore,-0.05,-50.15,2492,code-oss,0.2709,0,0.1,0,0,0,3,0,2,0,0
2025-11-17 14:26:53.848,2,19,219,0,Monitor,0.1,-50.05,2585,code-oss,0.2719,0,0.1,0,0,0,3,0,2,0,0
2025-11-17 14:26:54.650,2,20,220,3,Snapshot,-1.0,-51.05,2523,code-oss,0.6123,0,0.3,0,0,1,3,0,2,0,0
2025-11-17 14:26:55.452,2,21,221,2,Kill,-2.0,-53.05,5,kworker/R-rcu_g,0.0116,0,0.0,1,0,0,4,0,2,0,0
2025-11-17 14:26:56.504,2,22,222,2,Kill,-2.0,-55.05,18,rcu_preempt,0.0116,0,0.0,0,1,0,5,0,2,0,0
2025-11-17 14:26:57.261,2,23,223,3,Snapshot,-1.0,-56.05,39,irq/9-acpi,0.0112,0,0.0,0,0,1,5,0,2,0,0
2025-11-17 14:26:58.103,2,24,224,3,Snapshot,-1.0,-57.05,42,kworker/R-devfr,0.0112,0,0.0,1,0,1,5,0,2,0,0
2025-11-17 14:26:58.935,2,25,225,3,Snapshot,-1.0,-58.05,181,kworker/R-crypt,0.0112,0,0.0,1,0,1,5,0,2,0,0
2025-11-17 14:26:59.722,2,26,226,2,Kill,-2.0,-60.05,529,dbus-daemon,0.1639,0,0.0,1,0,0,6,0,2,0,0
2025-11-17 14:27:00.607,2,27,227,1,Ignore,-0.05,-60.1,734,rtkit-daemon,0.1627,0,0.0,0,0,0,6,0,2,0,0
2025-11-17 14:27:01.452,2,28,228,1,Ignore,-0.05,-60.15,1209,wpa_supplicant,0.1785,0,0.0,0,0,0,6,0,2,0,0
2025-11-17 14:27:02.215,2,29,229,1,Ignore,-0.05,-60.2,1253,gnome-keyring-d,0.1702,0,0.0,0,0,0,6,0,2,0,0
2025-11-17 14:27:03.036,2,30,230,2,Kill,-2.0,-62.2,1431,dbus-daemon,0.178,0,0.0,1,0,0,7,0,2,0,0
2025-11-17 14:27:03.911,2,31,231,1,Ignore,-0.05,-62.25,1517,gnome-shell,0.2515,0,0.1,0,0,0,7,0,2,0,0
2025-11-17 14:27:04.748,2,32,232,3,Snapshot,-1.0,-63.25,1629,gjs,0.1653,0,0.0,0,0,1,7,0,2,0,0
2025-11-17 14:27:05.563,2,33,233,3,Snapshot,-1.0,-64.25,1691,gsd-disk-utilit,0.161,0,0.0,0,0,1,7,0,2,0,0
2025-11-17 14:27:06.376,2,34,234,1,Ignore,-0.05,-64.3,1712,gsd-usb-protect,0.1588,0,0.0,0,0,0,7,0,2,0,0
2025-11-17 14:27:07.154,2,35,235,1,Ignore,-0.05,-64.35,1945,gvfs-gphoto2-vo,0.1676,0,0.0,0,0,0,7,0,2,0,0
2025-11-17 14:27:07.978,2,36,236,1,Ignore,-0.05,-64.4,2115,gjs,0.205,0,0.0,0,0,0,7,0,2,0,0
2025-11-17 14:27:08.767,2,37,237,0,Monitor,0.1,-64.3,2585,code-oss,0.2719,0,0.1,0,0,0,7,0,2,0,0
2025-11-17 14:27:09.545,2,38,238,0,Monitor,0.1,-64.2,5353,code-oss,0.1975,0,0.0,0,0,0,7,0,2,0,0
2025-11-17 14:27:10.304,2,39,239,3,Snapshot,-1.0,-65.2,2523,code-oss,0.6103,0,0.3,0,0,1,7,0,2,0,0
2025-11-17 14:27:11.156,2,40,240,2,Kill,-2.0,-67.2,5,kworker/R-rcu_g,0.0116,0,0.0,1,0,0,8,0,2,0,0
2025-11-17 14:27:11.992,2,41,241,2,Kill,-20.0,-87.2,19,rcu_exp_par_gp_,0.0116,0,0.0,0,1,0,8,0,3,0,0
2025-11-17 14:27:12.796,2,42,242,3,Snapshot,-1.0,-88.2,37,kworker/R-kbloc,0.0112,0,0.0,1,0,1,8,0,3,0,0
2025-11-17 14:27:13.639,2,43,243,0,Monitor,0.1,-88.1,44,kswapd0,0.0112,0,0.0,0,0,0,8,0,3,0,0
2025-11-17 14:27:14.392,2,44,244,0,Monitor,0.1,-88.0,213,kworker/0:3-eve,0.0112,0,0.0,1,0,0,8,0,3,0,0
2025-11-17 14:27:15.274,2,45,245,3,Snapshot,-1.0,-89.0,529,dbus-daemon,0.1639,0,0.0,1,0,1,8,0,3,0,0
2025-11-17 14:27:16.124,2,46,246,3,Snapshot,-1.0,-90.0,604,NetworkManager,0.1579,0,0.0,1,0,1,8,0,3,0,0
2025-11-17 14:27:16.949,2,47,247,2,Kill,-2.0,-92.0,1209,wpa_supplicant,0.1785,0,0.0,0,1,0,9,0,3,0,0
2025-11-17 14:27:17.797,2,48,248,1,Ignore,-0.05,-92.05,1367,VBoxClient,0.1699,0,0.0,0,0,0,9,0,3,0,0
2025-11-17 14:27:18.622,2,49,249,0,Monitor,0.1,-91.95,1431,dbus-daemon,0.178,0,0.0,1,0,0,9,0,3,0,0
2025-11-17 14:27:19.427,2,50,250,2,Kill,-2.0,-93.95,1596,fusermount3,0.1774,0,0.0,0,1,0,10,0,3,0,0
2025-11-17 14:27:20.538,2,51,251,0,Monitor,0.1,-93.85,1629,gjs,0.1653,0,0.0,0,0,0,10,0,3,0,0
2025-11-17 14:27:21.363,2,52,252,2,Kill,-2.0,-95.85,1691,gsd-disk-utilit,0.161,0,0.0,0,1,0,11,0,3,0,0
2025-11-17 14:27:22.197,2,53,253,3,Snapshot,-1.0,-96.85,1894,xdg-desktop-por,0.1626,0,0.0,0,0,1,11,0,3,0,0
2025-11-17 14:27:23.023,2,54,254,1,Ignore,-0.05,-96.9,1945,gvfs-gphoto2-vo,0.1676,0,0.0,0,0,0,11,0,3,0,0
2025-11-17 14:27:23.847,2,55,255,0,Monitor,0.1,-96.8,2115,gjs,0.207,0,0.0,0,0,0,11,0,3,0,0
2025-11-17 14:27:24.678,2,56,256,2,Kill,-2.0,-98.8,2585,code-oss,0.2719,0,0.1,0,1,0,12,0,3,0,0
2025-11-17 14:27:25.559,2,57,257,3,Snapshot,1.0,-97.8,15953,localsearch-ext,0.1662,0,0.0,0,0,1,12,0,3,0,0
2025-11-17 14:27:26.424,2,58,258,3,Snapshot,-1.0,-98.8,2523,code-oss,0.6123,0,0.3,0,0,1,12,0,3,0,0
2025-11-17 14:27:27.291,2,59,259,0,Monitor,0.1,-98.7,5,kworker/R-rcu_g,0.0116,0,0.0,1,0,0,12,0,3,0,0
2025-11-17 14:27:28.138,2,60,260,3,Snapshot,-1.0,-99.7,20,rcu_exp_gp_kthr,0.0112,0,0.0,0,0,1,12,0,3,0,0
2025-11-17 14:27:28.952,2,61,261,0,Monitor,0.1,-99.6,37,kworker/R-kbloc,0.0112,0,0.0,1,0,0,12,0,3,0,0
2025-11-17 14:27:29.748,2,62,262,1,Ignore,-0.05,-99.65,44,kswapd0,0.0112,0,0.0,0,0,0,12,0,3,0,0
2025-11-17 14:27:30.594,2,63,263,0,Monitor,0.1,-99.55,213,kworker/0:3-eve,0.0112,0,0.0,1,0,0,12,0,3,0,0
2025-11-17 14:27:31.394,2,64,264,3,Snapshot,-1.0,-100.55,529,dbus-daemon,0.1639,0,0.0,1,0,1,12,0,3,0,0
2025-11-17 14:27:32.221,2,65,265,0,Monitor,0.1,-100.45,604,NetworkManager,0.1575,0,0.0,1,0,0,12,0,3,0,0
2025-11-17 14:27:33.024,2,66,266,2,Kill,-2.0,-102.45,1209,wpa_supplicant,0.1785,0,0.0,0,1,0,13,0,3,0,0
2025-11-17 14:27:33.833,2,67,267,1,Ignore,-0.05,-102.5,1384,VBoxClient,0.1692,0,0.0,0,0,0,13,0,3,0,0
2025-11-17 14:27:34.684,2,68,268,2,Kill,-2.0,-104.5,1431,dbus-daemon,0.178,0,0.0,1,0,0,14,0,3,0,0
2025-11-17 14:27:35.483,2,69,269,0,Monitor,0.1,-104.4,1596,fusermount3,0.1774,0,0.0,0,0,0,14,0,3,0,0
2025-11-17 14:27:36.264,2,70,270,1,Ignore,-0.05,-104.45,1654,gsd-print-notif,0.1594,0,0.0,0,0,0,14,0,3,0,0
2025-11-17 14:27:37.057,2,71,271,3,Snapshot,-1.0,-105.45,1691,gsd-disk-utilit,0.161,0,0.0,0,0,1,14,0,3,0,0
2025-11-17 14:27:37.923,2,72,272,0,Monitor,0.1,-105.35,1932,gvfs-mtp-volume,0.1639,0,0.0,0,0,0,14,0,3,0,0
2025-11-17 14:27:38.786,2,73,273,3,Snapshot,-1.0,-106.35,2115,gjs,0.2058,0,0.0,0,0,1,14,0,3,0,0
2025-11-17 14:27:39.606,2,74,274,3,Snapshot,-1.0,-107.35,2492,code-oss,0.2701,0,0.1,0,0,1,14,0,3,0,0
2025-11-17 14:27:40.365,2,75,275,1,Ignore,-0.05,-107.4,2585,code-oss,0.2722,0,0.1,0,0,0,14,0,3,0,0
2025-11-17 14:27:41.205,2,76,276,2,Kill,-20.0,-127.4,2523,code-oss,0.6135,0,0.3,0,1,0,14,0,4,0,0
2025-11-17 14:27:42.003,2,77,277,2,Kill,-2.0,-129.4,5,kworker/R-rcu_g,0.0116,0,0.0,1,0,0,15,0,4,0,0
2025-11-17 14:27:42.826,2,78,278,2,Kill,-20.0,-149.4,20,rcu_exp_gp_kthr,0.0116,0,0.0,0,1,0,15,0,5,0,0
2025-11-17 14:27:43.636,2,79,279,1,Ignore,-0.05,-149.45,38,kworker/R-blkcg,0.0112,0,0.0,1,0,0,15,0,5,0,0
2025-11-17 14:27:44.448,2,80,280,0,Monitor,0.1,-149.35,47,kworker/u4:3-ex,0.0112,0,0.0,1,0,0,15,0,5,0,0
2025-11-17 14:27:45.200,2,81,281,1,Ignore,-0.05,-149.4,254,kworker/R-ata_s,0.0112,0,0.0,1,0,0,15,0,5,0,0
2025-11-17 14:27:46.010,2,82,282,0,Monitor,0.1,-149.3,529,dbus-daemon,0.1639,0,0.0,1,0,0,15,0,5,0,0
2025-11-17 14:27:46.831,2,83,283,0,Monitor,0.1,-149.2,1105,pcscd,0.1596,0,0.0,0,0,0,15,0,5,0,0
2025-11-17 14:27:47.658,2,84,284,2,Kill,-20.0,-169.2,1209,wpa_supplicant,0.1785,0,0.0,0,1,0,15,0,6,0,0
2025-11-17 14:27:48.468,2,85,285,0,Monitor,0.1,-169.1,1431,dbus-daemon,0.178,0,0.0,1,0,0,15,0,6,0,0
2025-11-17 14:27:49.266,2,86,286,1,Ignore,-0.05,-169.15,1441,VBoxClient,0.1709,0,0.0,0,0,0,15,0,6,0,0
2025-11-17 14:27:50.134,2,87,287,2,Kill,-2.0,-171.15,1590,xdg-document-po,0.1647,0,0.0,0,1,0,16,0,6,0,0
2025-11-17 14:27:51.212,2,88,288,2,Kill,-2.0,-173.15,1654,gsd-print-notif,0.1594,0,0.0,0,1,0,17,0,6,0,0
2025-11-17 14:27:52.528,2,89,289,1,Ignore,-0.05,-173.2,1691,gsd-disk-utilit,0.161,0,0.0,0,0,0,17,0,6,0,0
2025-11-17 14:27:53.883,2,90,290,3,Snapshot,-1.0,-174.2,1945,gvfs-gphoto2-vo,0.1676,0,0.0,0,0,1,17,0,6,0,0
2025-11-17 14:27:55.256,2,91,291,2,Kill,-2.0,-176.2,2115,gjs,0.209,0,0.0,0,1,0,18,0,6,0,0
2025-11-17 14:27:56.547,2,92,292,1,Ignore,-0.05,-176.25,2585,code-oss,0.2735,0,0.1,0,0,0,18,0,6,0,0
2025-11-17 14:27:58.089,2,93,293,0,Monitor,0.1,-176.15,5353,code-oss,0.1979,0,0.0,0,0,0,18,0,6,0,0
2025-11-17 14:27:59.567,2,94,294,3,Snapshot,-1.0,-177.15,2523,code-oss,0.6351,0,0.3,0,0,1,18,0,6,0,0
2025-11-17 14:28:01.042,2,95,295,3,Snapshot,-1.0,-178.15,5,kworker/R-rcu_g,0.0116,0,0.0,1,0,1,18,0,6,0,0
2025-11-17 14:28:02.499,2,96,296,0,Monitor,0.1,-178.05,21,migration/0,0.0116,0,0.0,1,0,0,18,0,6,0,0
2025-11-17 14:28:03.821,2,97,297,3,Snapshot,-1.0,-179.05,40,kworker/R-tpm_d,0.0112,0,0.0,1,0,1,18,0,6,0,0
2025-11-17 14:28:05.148,2,98,298,1,Ignore,-0.05,-179.1,47,kworker/u4:3-ex,0.0112,0,0.0,1,0,0,18,0,6,0,0
2025-11-17 14:28:06.531,2,99,299,1,Ignore,-0.05,-179.15,254,kworker/R-ata_s,0.0112,0,0.0,1,0,0,18,0,6,0,0
2025-11-17 14:28:07.938,2,100,300,2,Kill,-2.0,-181.15,529,dbus-daemon,0.1639,0,0.0,1,0,0,19,0,6,0,0
2025-11-17 14:28:09.723,2,101,301,1,Ignore,-0.05,-181.2,1105,pcscd,0.1596,0,0.0,0,0,0,19,0,6,0,0
2025-11-17 14:28:11.134,2,102,302,2,Kill,-20.0,-201.2,1209,wpa_supplicant,0.1785,0,0.0,0,1,0,19,0,7,0,0
2025-11-17 14:28:12.857,2,103,303,1,Ignore,-0.05,-201.25,1431,dbus-daemon,0.178,0,0.0,1,0,0,19,0,7,0,0
2025-11-17 14:28:14.460,2,104,304,2,Kill,-2.0,-203.25,1442,VBoxClient,0.1697,0,0.0,0,1,0,20,0,7,0,0
2025-11-17 14:28:15.915,2,105,305,2,Kill,-2.0,-205.25,1590,xdg-document-po,0.1647,0,0.0,0,1,0,21,0,7,0,0
2025-11-17 14:28:17.219,2,106,306,0,Monitor,0.1,-205.15,1653,evolution-alarm,0.159,0,0.0,0,0,0,21,0,7,0,0
2025-11-17 14:28:18.587,2,107,307,3,Snapshot,-1.0,-206.15,1712,gsd-usb-protect,0.1588,0,0.0,0,0,1,21,0,7,0,0
2025-11-17 14:28:19.849,2,108,308,0,Monitor,0.1,-206.05,1945,gvfs-gphoto2-vo,0.1676,0,0.0,0,0,0,21,0,7,0,0
2025-11-17 14:28:21.149,2,109,309,0,Monitor,0.1,-205.95,2115,gjs,0.1926,0,0.0,0,0,0,21,0,7,0,0
2025-11-17 14:28:22.513,2,110,310,2,Kill,-20.0,-225.95,2492,code-oss,0.2713,0,0.1,0,1,0,21,0,8,0,0
2025-11-17 14:28:24.038,2,111,311,1,Ignore,-0.05,-226.0,14305,kworker/0:1H-kb,0.0116,0,0.0,1,0,0,21,0,8,0,0
2025-11-17 14:28:25.288,2,112,312,0,Monitor,0.1,-225.9,2523,code-oss,0.6131,0,0.3,0,0,0,21,0,8,0,0
2025-11-17 14:28:26.671,2,113,313,0,Monitor,0.1,-225.8,5,kworker/R-rcu_g,0.0116,0,0.0,1,0,0,21,0,8,0,0
2025-11-17 14:28:27.893,2,114,314,1,Ignore,-0.05,-225.85,21,migration/0,0.0116,0,0.0,1,0,0,21,0,8,0,0
2025-11-17 14:28:29.159,2,115,315,1,Ignore,-0.05,-225.9,40,kworker/R-tpm_d,0.0112,0,0.0,1,0,0,21,0,8,0,0
2025-11-17 14:28:30.474,2,116,316,1,Ignore,-0.05,-225.95,47,kworker/u4:3-ex,0.0112,0,0.0,1,0,0,21,0,8,0,0
2025-11-17 14:28:31.737,2,117,317,2,Kill,-20.0,-245.95,254,kworker/R-ata_s,0.0112,0,0.0,1,0,0,21,0,9,0,0
2025-11-17 14:28:33.033,2,118,318,0,Monitor,0.1,-245.85,529,dbus-daemon,0.1639,0,0.0,1,0,0,21,0,9,0,0
2025-11-17 14:28:34.272,2,119,319,3,Snapshot,-1.0,-246.85,1177,power-profiles-,0.1603,0,0.0,0,0,1,21,0,9,0,0
2025-11-17 14:28:35.875,2,120,320,3,Snapshot,-1.0,-247.85,1209,wpa_supplicant,0.1785,0,0.0,0,0,1,21,0,9,0,0
2025-11-17 14:28:37.144,2,121,321,2,Kill,-2.0,-249.85,1431,dbus-daemon,0.178,0,0.0,1,0,0,22,0,9,0,0
2025-11-17 14:28:38.522,2,122,322,1,Ignore,-0.05,-249.9,1568,at-spi2-registr,0.1601,0,0.0,0,0,0,22,0,9,0,0
2025-11-17 14:28:39.844,2,123,323,1,Ignore,-0.05,-249.95,1634,gsd-a11y-settin,0.1593,0,0.0,0,0,0,22,0,9,0,0
2025-11-17 14:28:41.114,2,124,324,2,Kill,-2.0,-251.95,1712,gsd-usb-protect,0.1588,0,0.0,0,1,0,23,0,9,0,0
2025-11-17 14:28:42.404,2,125,325,3,Snapshot,-1.0,-252.95,1899,evolution-calen,0.1604,0,0.0,0,0,1,23,0,9,0,0
2025-11-17 14:28:43.726,2,126,326,3,Snapshot,-1.0,-253.95,2112,gvfsd-recent,0.1769,0,0.0,0,0,1,23,0,9,0,0
2025-11-17 14:28:44.993,2,127,327,2,Kill,-2.0,-255.95,2492,code-oss,0.2713,0,0.1,0,1,0,24,0,9,0,0
2025-11-17 14:28:46.268,2,128,328,0,Monitor,0.1,-255.85,2593,code-oss,0.2484,0,0.0,0,0,0,24,0,9,0,0
2025-11-17 14:28:47.751,2,129,329,0,Monitor,0.1,-255.75,2523,code-oss,0.6139,0,0.3,0,0,0,24,0,9,0,0
2025-11-17 14:28:48.976,2,130,330,0,Monitor,0.1,-255.65,5,kworker/R-rcu_g,0.0116,0,0.0,1,0,0,24,0,9,0,0
2025-11-17 14:28:50.147,2,131,331,0,Monitor,0.1,-255.55,22,idle_inject/0,0.0116,0,0.0,0,0,0,24,0,9,0,0
2025-11-17 14:28:51.583,2,132,332,3,Snapshot,-1.0,-256.55,34,ksmd,0.0112,0,0.0,0,0,1,24,0,9,0,0
2025-11-17 14:28:53.054,2,133,333,2,Kill,-2.0,-258.55,52,kworker/R-kthro,0.0112,0,0.0,1,0,0,25,0,9,0,0
2025-11-17 14:28:54.571,2,134,334,3,Snapshot,-1.0,-259.55,256,scsi_eh_0,0.0112,0,0.0,0,0,1,25,0,9,0,0
2025-11-17 14:28:56.137,2,135,335,2,Kill,-2.0,-261.55,529,dbus-daemon,0.1639,0,0.0,1,0,0,26,0,9,0,0
2025-11-17 14:28:57.898,2,136,336,0,Monitor,0.1,-261.45,1209,wpa_supplicant,0.1785,0,0.0,0,0,0,26,0,9,0,0
2025-11-17 14:28:59.158,2,137,337,3,Snapshot,-1.0,-262.45,1253,gnome-keyring-d,0.1702,0,0.0,0,0,1,26,0,9,0,0
2025-11-17 14:29:00.982,2,138,338,1,Ignore,-0.05,-262.5,1431,dbus-daemon,0.178,0,0.0,1,0,0,26,0,9,0,0
2025-11-17 14:29:02.612,2,139,339,2,Kill,-2.0,-264.5,1579,xdg-desktop-por,0.1588,0,0.0,0,1,0,27,0,9,0,0
2025-11-17 14:29:03.966,2,140,340,3,Snapshot,-1.0,-265.5,1634,gsd-a11y-settin,0.1593,0,0.0,0,0,1,27,0,9,0,0
2025-11-17 14:29:05.230,2,141,341,1,Ignore,-0.05,-265.55,1712,gsd-usb-protect,0.1588,0,0.0,0,0,0,27,0,9,0,0
2025-11-17 14:29:06.822,2,142,342,2,Kill,-2.0,-267.55,1945,gvfs-gphoto2-vo,0.1676,0,0.0,0,1,0,28,0,9,0,0
2025-11-17 14:29:08.214,2,143,343,3,Snapshot,-1.0,-268.55,2115,gjs,0.2218,0,0.0,0,0,1,28,0,9,0,0
2025-11-17 14:29:09.940,2,144,344,2,Kill,-2.0,-270.55,2492,code-oss,0.2713,0,0.1,0,1,0,29,0,9,0,0
2025-11-17 14:29:11.157,2,145,345,2,Kill,3.0,-267.55,5353,code-oss,0.1979,0,0.0,0,1,0,30,0,9,0,0
2025-11-17 14:29:12.718,2,146,346,3,Snapshot,-1.0,-268.55,2523,code-oss,0.6143,0,0.3,0,0,1,30,0,9,0,0
2025-11-17 14:29:14.010,2,147,347,1,Ignore,-0.05,-268.6,6,kworker/R-sync_,0.0116,0,0.0,1,0,0,30,0,9,0,0
2025-11-17 14:29:15.254,2,148,348,2,Kill,-2.0,-270.6,23,cpuhp/0,0.0116,0,0.0,0,1,0,31,0,9,0,0
2025-11-17 14:29:16.525,2,149,349,0,Monitor,0.1,-270.5,35,khugepaged,0.0112,0,0.0,0,0,0,31,0,9,0,0
2025-11-17 14:29:17.891,2,150,350,0,Monitor,0.1,-270.4,57,kworker/R-mld,0.0112,0,0.0,1,0,0,31,0,9,0,0
2025-11-17 14:29:19.757,2,151,351,1,Ignore,-0.05,-270.45,371,systemd-journal,0.1517,0,0.0,1,0,0,31,0,9,0,0
2025-11-17 14:29:21.222,2,152,352,2,Kill,-20.0,-290.45,529,dbus-daemon,0.1639,0,0.0,1,0,0,31,0,10,0,0
2025-11-17 14:29:22.638,2,153,353,3,Snapshot,-1.0,-291.45,1249,dbus-daemon,0.1645,0,0.0,1,0,1,31,0,10,0,0
2025-11-17 14:29:24.140,2,154,354,3,Snapshot,-1.0,-292.45,1253,gnome-keyring-d,0.1702,0,0.0,0,0,1,31,0,10,0,0
2025-11-17 14:29:25.553,2,155,355,3,Snapshot,-1.0,-293.45,1431,dbus-daemon,0.178,0,0.0,1,0,1,31,0,10,0,0
2025-11-17 14:29:26.853,2,156,356,3,Snapshot,-1.0,-294.45,1579,xdg-desktop-por,0.1588,0,0.0,0,0,1,31,0,10,0,0
2025-11-17 14:29:28.114,2,157,357,3,Snapshot,-1.0,-295.45,1681,gsd-screensaver,0.158,0,0.0,0,0,1,31,0,10,0,0
2025-11-17 14:29:29.452,2,158,358,2,Kill,-2.0,-297.45,1712,gsd-usb-protect,0.1588,0,0.0,0,1,0,32,0,10,0,0
2025-11-17 14:29:30.687,2,159,359,3,Snapshot,-1.0,-298.45,1945,gvfs-gphoto2-vo,0.1676,0,0.0,0,0,1,32,0,10,0,0
2025-11-17 14:29:31.931,2,160,360,1,Ignore,-0.05,-298.5,2119,gvfsd-trash,0.1772,0,0.0,0,0,0,32,0,10,0,0
2025-11-17 14:29:33.200,2,161,361,1,Ignore,-0.05,-298.55,2492,code-oss,0.2713,0,0.1,0,0,0,32,0,10,0,0
2025-11-17 14:29:34.514,2,162,362,0,Monitor,0.1,-298.45,16851,localsearch-ext,0.1662,0,0.0,0,0,0,32,0,10,0,0
2025-11-17 14:29:35.930,2,163,363,0,Monitor,0.1,-298.35,14277,python,0.595,0,0.2,0,0,0,32,0,10,0,0
2025-11-17 14:29:37.158,2,164,364,3,Snapshot,-1.0,-299.35,6,kworker/R-sync_,0.0116,0,0.0,1,0,1,32,0,10,0,0
2025-11-17 14:29:38.522,2,165,365,2,Kill,-20.0,-319.35,23,cpuhp/0,0.0116,0,0.0,0,1,0,32,0,11,0,0
2025-11-17 14:29:39.797,2,166,366,1,Ignore,-0.05,-319.4,36,kworker/R-kinte,0.0112,0,0.0,1,0,0,32,0,11,0,0
2025-11-17 14:29:41.367,2,167,367,1,Ignore,-0.05,-319.45,57,kworker/R-mld,0.0112,0,0.0,1,0,0,32,0,11,0,0
2025-11-17 14:29:42.712,2,168,368,0,Monitor,0.1,-319.35,371,systemd-journal,0.1521,0,0.0,1,0,0,32,0,11,0,0
2025-11-17 14:29:43.919,2,169,369,1,Ignore,-0.05,-319.4,529,dbus-daemon,0.1639,0,0.0,1,0,0,32,0,11,0,0
2025-11-17 14:29:45.184,2,170,370,0,Monitor,0.1,-319.3,1249,dbus-daemon,0.1645,0,0.0,1,0,0,32,0,11,0,0
2025-11-17 14:29:46.561,2,171,371,1,Ignore,-0.05,-319.35,1253,gnome-keyring-d,0.1702,0,0.0,0,0,0,32,0,11,0,0
2025-11-17 14:29:47.964,2,172,372,2,Kill,-2.0,-321.35,1431,dbus-daemon,0.178,0,0.0,1,0,0,33,0,11,0,0
2025-11-17 14:29:49.249,2,173,373,1,Ignore,-0.05,-321.4,1579,xdg-desktop-por,0.1588,0,0.0,0,0,0,33,0,11,0,0
2025-11-17 14:29:50.555,2,174,374,2,Kill,-2.0,-323.4,1681,gsd-screensaver,0.158,0,0.0,0,1,0,34,0,11,0,0
2025-11-17 14:29:52.025,2,175,375,1,Ignore,-0.05,-323.45,1712,gsd-usb-protect,0.1588,0,0.0,0,0,0,34,0,11,0,0
2025-11-17 14:29:53.457,2,176,376,1,Ignore,-0.05,-323.5,1932,gvfs-mtp-volume,0.1639,0,0.0,0,0,0,34,0,11,0,0
2025-11-17 14:29:54.777,2,177,377,1,Ignore,-0.05,-323.55,2470,chrome_crashpad,0.1847,0,0.0,0,0,0,34,0,11,0,0
2025-11-17 14:29:56.768,2,178,378,0,Monitor,0.1,-323.45,2492,code-oss,0.2717,0,0.1,0,0,0,34,0,11,0,0
2025-11-17 14:29:58.661,2,179,379,3,Snapshot,-1.0,-324.45,14277,python,0.595,0,0.2,0,0,1,34,0,11,0,0
2025-11-17 14:30:00.852,2,180,380,0,Monitor,0.1,-324.35,6,kworker/R-sync_,0.0116,0,0.0,1,0,0,34,0,11,0,0
2025-11-17 14:30:02.822,2,181,381,0,Monitor,0.1,-324.25,23,cpuhp/0,0.0116,0,0.0,0,0,0,34,0,11,0,0
2025-11-17 14:30:04.817,2,182,382,2,Kill,-20.0,-344.25,36,kworker/R-kinte,0.0112,0,0.0,1,0,0,34,0,12,0,0
2025-11-17 14:30:06.878,2,183,383,1,Ignore,-0.05,-344.3,57,kworker/R-mld,0.0112,0,0.0,1,0,0,34,0,12,0,0
2025-11-17 14:30:08.795,2,184,384,3,Snapshot,-1.0,-345.3,371,systemd-journal,0.1521,0,0.0,1,0,1,34,0,12,0,0
2025-11-17 14:30:09.928,2,185,385,0,Monitor,0.1,-345.2,529,dbus-daemon,0.1639,0,0.0,1,0,0,34,0,12,0,0
2025-11-17 14:30:10.916,2,186,386,3,Snapshot,-1.0,-346.2,1249,dbus-daemon,0.1645,0,0.0,1,0,1,34,0,12,0,0
2025-11-17 14:30:11.955,2,187,387,2,Kill,-20.0,-366.2,1253,gnome-keyring-d,0.1702,0,0.0,0,1,0,34,0,13,0,0
2025-11-17 14:30:12.904,2,188,388,0,Monitor,0.1,-366.1,1431,dbus-daemon,0.178,0,0.0,1,0,0,34,0,13,0,0
2025-11-17 14:30:13.802,2,189,389,3,Snapshot,-1.0,-367.1,1584,xdg-permission-,0.1576,0,0.0,0,0,1,34,0,13,0,0
2025-11-17 14:30:14.676,2,190,390,0,Monitor,0.1,-367.0,1681,gsd-screensaver,0.158,0,0.0,0,0,0,34,0,13,0,0
2025-11-17 14:30:15.584,2,191,391,2,Kill,-2.0,-369.0,1803,ibus-x11,0.1584,0,0.0,1,0,0,35,0,13,0,0
2025-11-17 14:30:16.499,2,192,392,3,Snapshot,-1.0,-370.0,1932,gvfs-mtp-volume,0.1639,0,0.0,0,0,1,35,0,13,0,0
2025-11-17 14:30:17.400,2,193,393,1,Ignore,-0.05,-370.05,2492,code-oss,0.2713,0,0.1,0,0,0,35,0,13,0,0
2025-11-17 14:30:18.319,2,194,394,3,Snapshot,1.0,-369.05,2652,code-oss,0.2416,0,0.0,0,0,1,35,0,13,0,0
2025-11-17 14:30:19.250,2,195,395,3,Snapshot,-1.0,-370.05,14277,python,0.595,0,0.2,0,0,1,35,0,13,0,0
2025-11-17 14:30:20.091,2,196,396,3,Snapshot,-1.0,-371.05,6,kworker/R-sync_,0.0116,0,0.0,1,0,1,35,0,13,0,0
2025-11-17 14:30:20.969,2,197,397,0,Monitor,0.1,-370.95,23,cpuhp/0,0.0116,0,0.0,0,0,0,35,0,13,0,0
2025-11-17 14:30:21.988,2,198,398,1,Ignore,-0.05,-371.0,36,kworker/R-kinte,0.0112,0,0.0,1,0,0,35,0,13,0,0
2025-11-17 14:30:22.801,2,199,399,0,Monitor,0.1,-370.9,57,kworker/R-mld,0.0112,0,0.0,1,0,0,35,0,13,0,0
2025-11-17 14:30:23.583,2,200,400,0,Monitor,0.1,-370.8,371,systemd-journal,0.1517,0,0.0,1,0,0,35,0,13,0,1
